--indirizzo
INSERT INTO public."Indirizzo" (regione, città, via, provincia, numero_civico) VALUES ('Alabama', 'Tuscaloosa', 'Cambridge', '35487', 82);
INSERT INTO public."Indirizzo" (regione, città, via, provincia, numero_civico) VALUES ('Alabama', 'Birmingham', 'Bultman', '35242', 226);
INSERT INTO public."Indirizzo" (regione, città, via, provincia, numero_civico) VALUES ('Alabama', 'Birmingham', 'Nova', '35263', 634);
INSERT INTO public."Indirizzo" (regione, città, via, provincia, numero_civico) VALUES ('Alabama', 'Tuscaloosa', 'Talmadge', '35487', 9);
INSERT INTO public."Indirizzo" (regione, città, via, provincia, numero_civico) VALUES ('Alabama', 'Birmingham', 'Dapin', '35215', 704);
INSERT INTO public."Indirizzo" (regione, città, via, provincia, numero_civico) VALUES ('Alabama', 'Mobile', 'Rusk', '36689', 15);
INSERT INTO public."Indirizzo" (regione, città, via, provincia, numero_civico) VALUES ('Alabama', 'Huntsville', 'Derek', '35805', 2190);
INSERT INTO public."Indirizzo" (regione, città, via, provincia, numero_civico) VALUES ('Alabama', 'Anniston', 'Sommers', '36205', 8848);
INSERT INTO public."Indirizzo" (regione, città, via, provincia, numero_civico) VALUES ('Alabama', 'Mobile', 'Di Loreto', '36610', 4103);
INSERT INTO public."Indirizzo" (regione, città, via, provincia, numero_civico) VALUES ('Alabama', 'Anniston', 'Mariners Cove', '36205', 55594);
INSERT INTO public."Indirizzo" (regione, città, via, provincia, numero_civico) VALUES ('Alabama', 'Mobile', 'Derek', '36610', 3208);
INSERT INTO public."Indirizzo" (regione, città, via, provincia, numero_civico) VALUES ('Alabama', 'Montgomery', 'Weeping Birch', '36114', 6005);
INSERT INTO public."Indirizzo" (regione, città, via, provincia, numero_civico) VALUES ('Alabama', 'Birmingham', 'Green', '35254', 6212);
INSERT INTO public."Indirizzo" (regione, città, via, provincia, numero_civico) VALUES ('Alabama', 'Mobile', 'Burrows', '36670', 41);
INSERT INTO public."Indirizzo" (regione, città, via, provincia, numero_civico) VALUES ('Alabama', 'Birmingham', 'Darwin', '35215', 8);
INSERT INTO public."Indirizzo" (regione, città, via, provincia, numero_civico) VALUES ('Alabama', 'Birmingham', 'Carberry', '35231', 6227);
INSERT INTO public."Indirizzo" (regione, città, via, provincia, numero_civico) VALUES ('Alabama', 'Montgomery', 'Springs', '36125', 26);
INSERT INTO public."Indirizzo" (regione, città, via, provincia, numero_civico) VALUES ('Alabama', 'Montgomery', 'Kenwood', '36109', 789);
INSERT INTO public."Indirizzo" (regione, città, via, provincia, numero_civico) VALUES ('Alabama', 'Birmingham', 'Longview', '35290', 52);
INSERT INTO public."Indirizzo" (regione, città, via, provincia, numero_civico) VALUES ('Alabama', 'Mobile', 'Goodland', '36616', 2);
INSERT INTO public."Indirizzo" (regione, città, via, provincia, numero_civico) VALUES ('Alabama', 'Anniston', 'Gulseth', '36205', 936);
INSERT INTO public."Indirizzo" (regione, città, via, provincia, numero_civico) VALUES ('Alabama', 'Birmingham', 'Pepper Wood', '35242', 83);
INSERT INTO public."Indirizzo" (regione, città, via, provincia, numero_civico) VALUES ('Alabama', 'Montgomery', 'Fairfield', '36119', 4);
INSERT INTO public."Indirizzo" (regione, città, via, provincia, numero_civico) VALUES ('Alabama', 'Birmingham', 'Cambridge', '35205', 53);
INSERT INTO public."Indirizzo" (regione, città, via, provincia, numero_civico) VALUES ('Alabama', 'Anniston', 'Sundown', '36205', 1);
INSERT INTO public."Indirizzo" (regione, città, via, provincia, numero_civico) VALUES ('Alabama', 'Birmingham', 'Harbort', '35244', 56249);
INSERT INTO public."Indirizzo" (regione, città, via, provincia, numero_civico) VALUES ('Alabama', 'Montgomery', 'Maple', '36195', 80);
INSERT INTO public."Indirizzo" (regione, città, via, provincia, numero_civico) VALUES ('Alabama', 'Huntsville', 'Petterle', '35895', 44177);
INSERT INTO public."Indirizzo" (regione, città, via, provincia, numero_civico) VALUES ('Alaska', 'Anchorage', 'Coleman', '99599', 2);
INSERT INTO public."Indirizzo" (regione, città, via, provincia, numero_civico) VALUES ('Alaska', 'Anchorage', 'Sundown', '99599', 12);
INSERT INTO public."Indirizzo" (regione, città, via, provincia, numero_civico) VALUES ('Arizona', 'Tucson', 'Elmside', '85754', 32);
INSERT INTO public."Indirizzo" (regione, città, via, provincia, numero_civico) VALUES ('Arizona', 'Tucson', 'Comanche', '85705', 0);
INSERT INTO public."Indirizzo" (regione, città, via, provincia, numero_civico) VALUES ('Arizona', 'Phoenix', 'Tomscot', '85040', 556);
INSERT INTO public."Indirizzo" (regione, città, via, provincia, numero_civico) VALUES ('Arizona', 'Phoenix', 'Delladonna', '85045', 4);
INSERT INTO public."Indirizzo" (regione, città, via, provincia, numero_civico) VALUES ('Arizona', 'Tempe', 'Arapahoe', '85284', 4792);
INSERT INTO public."Indirizzo" (regione, città, via, provincia, numero_civico) VALUES ('Arizona', 'Mesa', 'Judy', '85205', 862);
INSERT INTO public."Indirizzo" (regione, città, via, provincia, numero_civico) VALUES ('Arizona', 'Tucson', 'Dapin', '85705', 5314);
INSERT INTO public."Indirizzo" (regione, città, via, provincia, numero_civico) VALUES ('Arizona', 'Tucson', 'Acker', '85705', 1);
INSERT INTO public."Indirizzo" (regione, città, via, provincia, numero_civico) VALUES ('Arizona', 'Chandler', 'Laurel', '85246', 8812);
INSERT INTO public."Indirizzo" (regione, città, via, provincia, numero_civico) VALUES ('Arizona', 'Tempe', 'Basil', '85284', 29);
INSERT INTO public."Indirizzo" (regione, città, via, provincia, numero_civico) VALUES ('Arizona', 'Glendale', 'Harbort', '85311', 77688);
INSERT INTO public."Indirizzo" (regione, città, via, provincia, numero_civico) VALUES ('Arizona', 'Phoenix', 'Village', '85005', 3);
INSERT INTO public."Indirizzo" (regione, città, via, provincia, numero_civico) VALUES ('Arizona', 'Phoenix', 'Cody', '85030', 23419);
INSERT INTO public."Indirizzo" (regione, città, via, provincia, numero_civico) VALUES ('Arkansas', 'North Little Rock', 'Main', '72199', 12);
INSERT INTO public."Indirizzo" (regione, città, via, provincia, numero_civico) VALUES ('Arkansas', 'North Little Rock', 'Di Loreto', '72199', 7);
INSERT INTO public."Indirizzo" (regione, città, via, provincia, numero_civico) VALUES ('Arkansas', 'North Little Rock', 'Bayside', '72199', 3511);
INSERT INTO public."Indirizzo" (regione, città, via, provincia, numero_civico) VALUES ('Arkansas', 'Little Rock', 'Brown', '72222', 9374);
INSERT INTO public."Indirizzo" (regione, città, via, provincia, numero_civico) VALUES ('Arkansas', 'North Little Rock', 'Rieder', '72118', 982);
INSERT INTO public."Indirizzo" (regione, città, via, provincia, numero_civico) VALUES ('Arkansas', 'Fort Smith', 'Ilene', '72905', 1857);
INSERT INTO public."Indirizzo" (regione, città, via, provincia, numero_civico) VALUES ('Arkansas', 'North Little Rock', 'Anniversary', '72118', 90076);
INSERT INTO public."Indirizzo" (regione, città, via, provincia, numero_civico) VALUES ('California', 'San Diego', 'Monument', '92145', 399);
INSERT INTO public."Indirizzo" (regione, città, via, provincia, numero_civico) VALUES ('California', 'San Bernardino', 'Blaine', '92410', 74399);
INSERT INTO public."Indirizzo" (regione, città, via, provincia, numero_civico) VALUES ('California', 'Palmdale', 'Anhalt', '93591', 0);
INSERT INTO public."Indirizzo" (regione, città, via, provincia, numero_civico) VALUES ('California', 'Newport Beach', 'Scott', '92662', 4772);
INSERT INTO public."Indirizzo" (regione, città, via, provincia, numero_civico) VALUES ('California', 'San Jose', 'Main', '95128', 44080);
INSERT INTO public."Indirizzo" (regione, città, via, provincia, numero_civico) VALUES ('California', 'Ventura', 'Spaight', '93005', 56);
INSERT INTO public."Indirizzo" (regione, città, via, provincia, numero_civico) VALUES ('California', 'San Bernardino', 'Oakridge', '92405', 43);
INSERT INTO public."Indirizzo" (regione, città, via, provincia, numero_civico) VALUES ('California', 'San Diego', 'Utah', '92153', 2130);
INSERT INTO public."Indirizzo" (regione, città, via, provincia, numero_civico) VALUES ('California', 'Palo Alto', 'Butternut', '94302', 5587);
INSERT INTO public."Indirizzo" (regione, città, via, provincia, numero_civico) VALUES ('California', 'Van Nuys', 'Lindbergh', '91411', 31444);
INSERT INTO public."Indirizzo" (regione, città, via, provincia, numero_civico) VALUES ('California', 'Pasadena', 'Basil', '91109', 55);
INSERT INTO public."Indirizzo" (regione, città, via, provincia, numero_civico) VALUES ('California', 'Fresno', 'Talmadge', '93721', 64123);
INSERT INTO public."Indirizzo" (regione, città, via, provincia, numero_civico) VALUES ('California', 'Los Angeles', 'Fremont', '90071', 7);
INSERT INTO public."Indirizzo" (regione, città, via, provincia, numero_civico) VALUES ('California', 'Pasadena', 'Corry', '91186', 350);
INSERT INTO public."Indirizzo" (regione, città, via, provincia, numero_civico) VALUES ('California', 'Irvine', 'Ohio', '92612', 33);
INSERT INTO public."Indirizzo" (regione, città, via, provincia, numero_civico) VALUES ('California', 'San Bernardino', 'Knutson', '92405', 94231);
INSERT INTO public."Indirizzo" (regione, città, via, provincia, numero_civico) VALUES ('California', 'Sacramento', 'Lerdahl', '94207', 36456);
INSERT INTO public."Indirizzo" (regione, città, via, provincia, numero_civico) VALUES ('California', 'Modesto', 'Loeprich', '95354', 8791);
INSERT INTO public."Indirizzo" (regione, città, via, provincia, numero_civico) VALUES ('California', 'Los Angeles', 'Melody', '90087', 36);
INSERT INTO public."Indirizzo" (regione, città, via, provincia, numero_civico) VALUES ('California', 'Van Nuys', 'Sachs', '91406', 0);
INSERT INTO public."Indirizzo" (regione, città, via, provincia, numero_civico) VALUES ('California', 'San Jose', 'Ilene', '95113', 87316);
INSERT INTO public."Indirizzo" (regione, città, via, provincia, numero_civico) VALUES ('California', 'Los Angeles', 'Del Sol', '90055', 8);
INSERT INTO public."Indirizzo" (regione, città, via, provincia, numero_civico) VALUES ('California', 'Inglewood', 'Melby', '90305', 443);
INSERT INTO public."Indirizzo" (regione, città, via, provincia, numero_civico) VALUES ('California', 'Los Angeles', 'Lyons', '90020', 23);
INSERT INTO public."Indirizzo" (regione, città, via, provincia, numero_civico) VALUES ('California', 'Sunnyvale', 'Fisk', '94089', 58);
INSERT INTO public."Indirizzo" (regione, città, via, provincia, numero_civico) VALUES ('California', 'Los Angeles', 'Oakridge', '90015', 34);
INSERT INTO public."Indirizzo" (regione, città, via, provincia, numero_civico) VALUES ('California', 'Newport Beach', 'Del Sol', '92662', 2421);
INSERT INTO public."Indirizzo" (regione, città, via, provincia, numero_civico) VALUES ('California', 'Long Beach', 'Eagle Crest', '90840', 4);
INSERT INTO public."Indirizzo" (regione, città, via, provincia, numero_civico) VALUES ('California', 'Simi Valley', 'Pierstorff', '93094', 138);
INSERT INTO public."Indirizzo" (regione, città, via, provincia, numero_civico) VALUES ('California', 'Garden Grove', '5th', '92645', 5977);
INSERT INTO public."Indirizzo" (regione, città, via, provincia, numero_civico) VALUES ('California', 'Hayward', 'Talmadge', '94544', 3);
INSERT INTO public."Indirizzo" (regione, città, via, provincia, numero_civico) VALUES ('California', 'Sacramento', 'Warner', '94245', 3857);
INSERT INTO public."Indirizzo" (regione, città, via, provincia, numero_civico) VALUES ('California', 'Los Angeles', 'Northport', '90060', 6);
INSERT INTO public."Indirizzo" (regione, città, via, provincia, numero_civico) VALUES ('California', 'Los Angeles', 'Waywood', '90005', 97);
INSERT INTO public."Indirizzo" (regione, città, via, provincia, numero_civico) VALUES ('California', 'Sacramento', 'Fairview', '94286', 1986);
INSERT INTO public."Indirizzo" (regione, città, via, provincia, numero_civico) VALUES ('California', 'Orange', 'Buhler', '92862', 73523);
INSERT INTO public."Indirizzo" (regione, città, via, provincia, numero_civico) VALUES ('California', 'Sacramento', 'Lakewood Gardens', '94230', 29);
INSERT INTO public."Indirizzo" (regione, città, via, provincia, numero_civico) VALUES ('California', 'Sacramento', 'Wayridge', '95833', 9);
INSERT INTO public."Indirizzo" (regione, città, via, provincia, numero_civico) VALUES ('California', 'Sacramento', 'Cambridge', '94297', 218);
INSERT INTO public."Indirizzo" (regione, città, via, provincia, numero_civico) VALUES ('California', 'Santa Barbara', 'Burrows', '93150', 34971);
INSERT INTO public."Indirizzo" (regione, città, via, provincia, numero_civico) VALUES ('California', 'Irvine', '5th', '92717', 9);
INSERT INTO public."Indirizzo" (regione, città, via, provincia, numero_civico) VALUES ('California', 'San Diego', 'Fremont', '92153', 84);
INSERT INTO public."Indirizzo" (regione, città, via, provincia, numero_civico) VALUES ('California', 'South Lake Tahoe', 'Hazelcrest', '96154', 181);
INSERT INTO public."Indirizzo" (regione, città, via, provincia, numero_civico) VALUES ('California', 'Sacramento', 'Maple', '94207', 0);
INSERT INTO public."Indirizzo" (regione, città, via, provincia, numero_civico) VALUES ('California', 'Huntington Beach', 'Burrows', '92648', 8053);
INSERT INTO public."Indirizzo" (regione, città, via, provincia, numero_civico) VALUES ('California', 'Bakersfield', 'Dovetail', '93381', 22617);
INSERT INTO public."Indirizzo" (regione, città, via, provincia, numero_civico) VALUES ('California', 'Huntington Beach', 'Jenifer', '92648', 62);
INSERT INTO public."Indirizzo" (regione, città, via, provincia, numero_civico) VALUES ('California', 'Los Angeles', 'Morningstar', '90045', 0);
INSERT INTO public."Indirizzo" (regione, città, via, provincia, numero_civico) VALUES ('California', 'San Diego', 'Stuart', '92137', 71);
INSERT INTO public."Indirizzo" (regione, città, via, provincia, numero_civico) VALUES ('California', 'Modesto', 'Rutledge', '95397', 9);
INSERT INTO public."Indirizzo" (regione, città, via, provincia, numero_civico) VALUES ('California', 'Pasadena', 'Bellgrove', '91199', 5);
INSERT INTO public."Indirizzo" (regione, città, via, provincia, numero_civico) VALUES ('California', 'Corona', 'Mayer', '92878', 946);
INSERT INTO public."Indirizzo" (regione, città, via, provincia, numero_civico) VALUES ('California', 'South Lake Tahoe', 'Monica', '96154', 7);
INSERT INTO public."Indirizzo" (regione, città, via, provincia, numero_civico) VALUES ('California', 'Orange', 'Garrison', '92668', 2);
INSERT INTO public."Indirizzo" (regione, città, via, provincia, numero_civico) VALUES ('California', 'Santa Clara', 'Oakridge', '95054', 0);
INSERT INTO public."Indirizzo" (regione, città, via, provincia, numero_civico) VALUES ('California', 'Torrance', 'Moland', '90510', 78);
INSERT INTO public."Indirizzo" (regione, città, via, provincia, numero_civico) VALUES ('California', 'San Diego', 'Wayridge', '92145', 42);
INSERT INTO public."Indirizzo" (regione, città, via, provincia, numero_civico) VALUES ('California', 'Van Nuys', 'Hallows', '91406', 3);
INSERT INTO public."Indirizzo" (regione, città, via, provincia, numero_civico) VALUES ('California', 'Orange', 'Eliot', '92867', 81561);
INSERT INTO public."Indirizzo" (regione, città, via, provincia, numero_civico) VALUES ('California', 'San Francisco', 'Fremont', '94164', 860);
INSERT INTO public."Indirizzo" (regione, città, via, provincia, numero_civico) VALUES ('California', 'Fullerton', 'Grover', '92835', 6208);
INSERT INTO public."Indirizzo" (regione, città, via, provincia, numero_civico) VALUES ('California', 'Los Angeles', 'Mallory', '90025', 20);
INSERT INTO public."Indirizzo" (regione, città, via, provincia, numero_civico) VALUES ('California', 'North Hollywood', 'Algoma', '91616', 81885);
INSERT INTO public."Indirizzo" (regione, città, via, provincia, numero_civico) VALUES ('California', 'Sacramento', 'Butternut', '94230', 4696);
INSERT INTO public."Indirizzo" (regione, città, via, provincia, numero_civico) VALUES ('California', 'San Francisco', 'Prentice', '94147', 3);
INSERT INTO public."Indirizzo" (regione, città, via, provincia, numero_civico) VALUES ('California', 'Fresno', 'Fisk', '93709', 72);
INSERT INTO public."Indirizzo" (regione, città, via, provincia, numero_civico) VALUES ('California', 'Torrance', 'Columbus', '90510', 9276);
INSERT INTO public."Indirizzo" (regione, città, via, provincia, numero_civico) VALUES ('California', 'Mountain View', 'Texas', '94042', 46);
INSERT INTO public."Indirizzo" (regione, città, via, provincia, numero_civico) VALUES ('California', 'Irvine', 'Declaration', '92619', 85312);
INSERT INTO public."Indirizzo" (regione, città, via, provincia, numero_civico) VALUES ('California', 'Orange', 'Kedzie', '92668', 7897);
INSERT INTO public."Indirizzo" (regione, città, via, provincia, numero_civico) VALUES ('California', 'Sacramento', 'Pepper Wood', '94297', 2);
INSERT INTO public."Indirizzo" (regione, città, via, provincia, numero_civico) VALUES ('California', 'Anaheim', 'Cottonwood', '92805', 9);
INSERT INTO public."Indirizzo" (regione, città, via, provincia, numero_civico) VALUES ('California', 'Santa Barbara', 'Roth', '93106', 21);
INSERT INTO public."Indirizzo" (regione, città, via, provincia, numero_civico) VALUES ('California', 'San Francisco', 'Continental', '94105', 21);
INSERT INTO public."Indirizzo" (regione, città, via, provincia, numero_civico) VALUES ('California', 'San Luis Obispo', 'Warrior', '93407', 71);
INSERT INTO public."Indirizzo" (regione, città, via, provincia, numero_civico) VALUES ('California', 'Long Beach', 'Rusk', '90847', 9483);
INSERT INTO public."Indirizzo" (regione, città, via, provincia, numero_civico) VALUES ('California', 'San Bernardino', 'Utah', '92415', 3740);
INSERT INTO public."Indirizzo" (regione, città, via, provincia, numero_civico) VALUES ('California', 'Chula Vista', 'Independence', '91913', 63983);
INSERT INTO public."Indirizzo" (regione, città, via, provincia, numero_civico) VALUES ('California', 'Chula Vista', 'Sutherland', '91913', 6560);
INSERT INTO public."Indirizzo" (regione, città, via, provincia, numero_civico) VALUES ('California', 'Petaluma', 'Lien', '94975', 3588);
INSERT INTO public."Indirizzo" (regione, città, via, provincia, numero_civico) VALUES ('California', 'Los Angeles', 'Ruskin', '90025', 29573);
INSERT INTO public."Indirizzo" (regione, città, via, provincia, numero_civico) VALUES ('California', 'Inglewood', 'Michigan', '90398', 56687);
INSERT INTO public."Indirizzo" (regione, città, via, provincia, numero_civico) VALUES ('California', 'Hayward', 'Norway Maple', '94544', 33);
INSERT INTO public."Indirizzo" (regione, città, via, provincia, numero_civico) VALUES ('California', 'Irvine', 'Roxbury', '92612', 62858);
INSERT INTO public."Indirizzo" (regione, città, via, provincia, numero_civico) VALUES ('California', 'Lancaster', 'Express', '93584', 6);
INSERT INTO public."Indirizzo" (regione, città, via, provincia, numero_civico) VALUES ('California', 'Whittier', 'School', '90610', 848);
INSERT INTO public."Indirizzo" (regione, città, via, provincia, numero_civico) VALUES ('California', 'Sunnyvale', 'Hoepker', '94089', 4);
INSERT INTO public."Indirizzo" (regione, città, via, provincia, numero_civico) VALUES ('California', 'Riverside', 'Veith', '92519', 8);
INSERT INTO public."Indirizzo" (regione, città, via, provincia, numero_civico) VALUES ('California', 'Mountain View', 'Dahle', '94042', 85356);
INSERT INTO public."Indirizzo" (regione, città, via, provincia, numero_civico) VALUES ('California', 'San Jose', 'Hazelcrest', '95138', 70);
INSERT INTO public."Indirizzo" (regione, città, via, provincia, numero_civico) VALUES ('California', 'Oakland', '5th', '94622', 929);
INSERT INTO public."Indirizzo" (regione, città, via, provincia, numero_civico) VALUES ('California', 'Fresno', 'Mandrake', '93715', 8);
INSERT INTO public."Indirizzo" (regione, città, via, provincia, numero_civico) VALUES ('California', 'Pomona', 'Sunbrook', '91797', 9745);
INSERT INTO public."Indirizzo" (regione, città, via, provincia, numero_civico) VALUES ('California', 'Los Angeles', 'Claremont', '90076', 7);
INSERT INTO public."Indirizzo" (regione, città, via, provincia, numero_civico) VALUES ('California', 'Escondido', 'Hooker', '92030', 65);
INSERT INTO public."Indirizzo" (regione, città, via, provincia, numero_civico) VALUES ('California', 'Glendale', 'Hovde', '91205', 61);
INSERT INTO public."Indirizzo" (regione, città, via, provincia, numero_civico) VALUES ('California', 'Oakland', 'Fair Oaks', '94605', 8);
INSERT INTO public."Indirizzo" (regione, città, via, provincia, numero_civico) VALUES ('California', 'Los Angeles', 'Schlimgen', '90071', 325);
INSERT INTO public."Indirizzo" (regione, città, via, provincia, numero_civico) VALUES ('California', 'San Diego', 'Veith', '92115', 48);
INSERT INTO public."Indirizzo" (regione, città, via, provincia, numero_civico) VALUES ('California', 'Concord', 'Birchwood', '94522', 5);
INSERT INTO public."Indirizzo" (regione, città, via, provincia, numero_civico) VALUES ('California', 'Newport Beach', 'Clemons', '92662', 7102);
INSERT INTO public."Indirizzo" (regione, città, via, provincia, numero_civico) VALUES ('California', 'Sacramento', 'Heath', '95865', 63490);
INSERT INTO public."Indirizzo" (regione, città, via, provincia, numero_civico) VALUES ('California', 'Modesto', 'Acker', '95354', 2734);
INSERT INTO public."Indirizzo" (regione, città, via, provincia, numero_civico) VALUES ('California', 'Sacramento', 'Karstens', '94263', 145);
INSERT INTO public."Indirizzo" (regione, città, via, provincia, numero_civico) VALUES ('California', 'San Jose', 'Linden', '95155', 1);
INSERT INTO public."Indirizzo" (regione, città, via, provincia, numero_civico) VALUES ('California', 'San Francisco', 'Northland', '94137', 84);
INSERT INTO public."Indirizzo" (regione, città, via, provincia, numero_civico) VALUES ('California', 'Chula Vista', 'Old Gate', '91913', 44);
INSERT INTO public."Indirizzo" (regione, città, via, provincia, numero_civico) VALUES ('California', 'San Bernardino', 'Gulseth', '92405', 87);
INSERT INTO public."Indirizzo" (regione, città, via, provincia, numero_civico) VALUES ('California', 'Sacramento', 'Colorado', '94250', 5687);
INSERT INTO public."Indirizzo" (regione, città, via, provincia, numero_civico) VALUES ('California', 'Sacramento', 'Anderson', '94263', 29);
INSERT INTO public."Indirizzo" (regione, città, via, provincia, numero_civico) VALUES ('California', 'San Francisco', 'Loeprich', '94116', 5);

--filiali
INSERT INTO public."Filiale" (id, regione, città, via, provincia, numero_civico) VALUES (3, 'Alabama', 'Birmingham', 'Cambridge', '35205', 53);
INSERT INTO public."Filiale" (id, regione, città, via, provincia, numero_civico) VALUES (17, 'Alabama', 'Birmingham', 'Longview', '35290', 52);
INSERT INTO public."Filiale" (id, regione, città, via, provincia, numero_civico) VALUES (5, 'Alabama', 'Birmingham', 'Carberry', '35231', 6227);
INSERT INTO public."Filiale" (id, regione, città, via, provincia, numero_civico) VALUES (18, 'Alabama', 'Montgomery', 'Maple', '36195', 80);
INSERT INTO public."Filiale" (id, regione, città, via, provincia, numero_civico) VALUES (20, 'Alabama', 'Birmingham', 'Nova', '35263', 634);
INSERT INTO public."Filiale" (id, regione, città, via, provincia, numero_civico) VALUES (26, 'Alabama', 'Anniston', 'Sundown', '36205', 1);
INSERT INTO public."Filiale" (id, regione, città, via, provincia, numero_civico) VALUES (19, 'Alabama', 'Anniston', 'Mariners Cove', '36205', 55594);
INSERT INTO public."Filiale" (id, regione, città, via, provincia, numero_civico) VALUES (23, 'Alabama', 'Mobile', 'Rusk', '36689', 15);
INSERT INTO public."Filiale" (id, regione, città, via, provincia, numero_civico) VALUES (27, 'Alabama', 'Tuscaloosa', 'Talmadge', '35487', 9);
INSERT INTO public."Filiale" (id, regione, città, via, provincia, numero_civico) VALUES (7, 'Alabama', 'Birmingham', 'Darwin', '35215', 8);
INSERT INTO public."Filiale" (id, regione, città, via, provincia, numero_civico) VALUES (25, 'Alabama', 'Montgomery', 'Springs', '36125', 26);
INSERT INTO public."Filiale" (id, regione, città, via, provincia, numero_civico) VALUES (22, 'Alabama', 'Huntsville', 'Petterle', '35895', 44177);
INSERT INTO public."Filiale" (id, regione, città, via, provincia, numero_civico) VALUES (24, 'Alabama', 'Anniston', 'Sommers', '36205', 8848);
INSERT INTO public."Filiale" (id, regione, città, via, provincia, numero_civico) VALUES (2, 'Alabama', 'Mobile', 'Burrows', '36670', 41);
INSERT INTO public."Filiale" (id, regione, città, via, provincia, numero_civico) VALUES (16, 'Alabama', 'Montgomery', 'Kenwood', '36109', 789);
INSERT INTO public."Filiale" (id, regione, città, via, provincia, numero_civico) VALUES (13, 'Alabama', 'Birmingham', 'Green', '35254', 6212);
INSERT INTO public."Filiale" (id, regione, città, via, provincia, numero_civico) VALUES (1, 'Alabama', 'Birmingham', 'Bultman', '35242', 226);
INSERT INTO public."Filiale" (id, regione, città, via, provincia, numero_civico) VALUES (9, 'Alabama', 'Mobile', 'Derek', '36610', 3208);
INSERT INTO public."Filiale" (id, regione, città, via, provincia, numero_civico) VALUES (10, 'Alabama', 'Mobile', 'Di Loreto', '36610', 4103);
INSERT INTO public."Filiale" (id, regione, città, via, provincia, numero_civico) VALUES (12, 'Alabama', 'Mobile', 'Goodland', '36616', 2);
INSERT INTO public."Filiale" (id, regione, città, via, provincia, numero_civico) VALUES (15, 'Alabama', 'Birmingham', 'Harbort', '35244', 56249);
INSERT INTO public."Filiale" (id, regione, città, via, provincia, numero_civico) VALUES (6, 'Alabama', 'Birmingham', 'Dapin', '35215', 704);
INSERT INTO public."Filiale" (id, regione, città, via, provincia, numero_civico) VALUES (8, 'Alabama', 'Huntsville', 'Derek', '35805', 2190);
INSERT INTO public."Filiale" (id, regione, città, via, provincia, numero_civico) VALUES (11, 'Alabama', 'Montgomery', 'Fairfield', '36119', 4);
INSERT INTO public."Filiale" (id, regione, città, via, provincia, numero_civico) VALUES (14, 'Alabama', 'Anniston', 'Gulseth', '36205', 936);
INSERT INTO public."Filiale" (id, regione, città, via, provincia, numero_civico) VALUES (21, 'Alabama', 'Birmingham', 'Pepper Wood', '35242', 83);
INSERT INTO public."Filiale" (id, regione, città, via, provincia, numero_civico) VALUES (4, 'Alabama', 'Tuscaloosa', 'Cambridge', '35487', 82);

--servizi
INSERT INTO public."Servizi" (id, nome, costo, descrizione) VALUES (1, 'FastTrack Express', 9, 'ddaffewfew');
INSERT INTO public."Servizi" (id, nome, costo, descrizione) VALUES (2, 'SwiftShip', 13.9, 'Sprain of calcaneofibular ligament of right ankle, sequela');
INSERT INTO public."Servizi" (id, nome, costo, descrizione) VALUES (3, 'RapidCargo', 2.8, 'Unsp injury of unspecified middle and inner ear, subs encntr');
INSERT INTO public."Servizi" (id, nome, costo, descrizione) VALUES (4, 'SpeedyDeliver', 7.9, 'Nondisp fx of olecran pro w intartic extn unsp ulna, 7thB');
INSERT INTO public."Servizi" (id, nome, costo, descrizione) VALUES (5, 'QuickDispatch', 15.9, 'Other meniscus derangements, unsp meniscus, right knee');
INSERT INTO public."Servizi" (id, nome, costo, descrizione) VALUES (6, 'TurboTransit', 8.9, 'Breakdown (mechanical) of implnt elec nstim, generator');
INSERT INTO public."Servizi" (id, nome, costo, descrizione) VALUES (7, 'ExpressMovers', 12.1, 'Corrosion of unsp degree of left shoulder, subs encntr');
INSERT INTO public."Servizi" (id, nome, costo, descrizione) VALUES (8, 'LightningLogistics', 3.5, 'Other instability, ankle and foot');
INSERT INTO public."Servizi" (id, nome, costo, descrizione) VALUES (9, 'SpeedwayShipping', 7.6, 'Mature T/NK-cell lymphomas, unsp, intrapelvic lymph nodes');
INSERT INTO public."Servizi" (id, nome, costo, descrizione) VALUES (10, 'RapidConnect', 17.2, 'Oth spon disrupt of anterior cruciate ligament of right knee');
INSERT INTO public."Servizi" (id, nome, costo, descrizione) VALUES (11, 'SwiftHaul', 7.4, 'Gestational diabetes mellitus in childbirth, unsp control');
INSERT INTO public."Servizi" (id, nome, costo, descrizione) VALUES (12, 'InstantDelivery', 7.8, 'Medial dislocation of left ulnohumeral joint, subs encntr');
INSERT INTO public."Servizi" (id, nome, costo, descrizione) VALUES (13, 'RapidRoute', 16.3, 'Nondisp oblique fx shaft of l rad, 7thJ');
INSERT INTO public."Servizi" (id, nome, costo, descrizione) VALUES (14, 'ExpressLink', 9, 'Acquired absence of unspecified shoulder');
INSERT INTO public."Servizi" (id, nome, costo, descrizione) VALUES (15, 'QuickShip', 15.9, 'Physeal arrest, humerus, unspecified');
INSERT INTO public."Servizi" (id, nome, costo, descrizione) VALUES (16, 'SpeedyFreight', 14.9, 'Puncture wound with foreign body of unsp shoulder, sequela');
INSERT INTO public."Servizi" (id, nome, costo, descrizione) VALUES (17, 'TurboCargo', 10.5, 'Prsn outsd 3-whl mv inj in clsn w statnry obj nontraf, sqla');
INSERT INTO public."Servizi" (id, nome, costo, descrizione) VALUES (18, 'VelocityExpress', 12.6, 'Nondisp fx of medial phalanx of r mid fngr, init for opn fx');
INSERT INTO public."Servizi" (id, nome, costo, descrizione) VALUES (19, 'FastLaneLogistics', 15.9, 'Colles'' fx left rad, subs for opn fx type 3A/B/C w nonunion');
INSERT INTO public."Servizi" (id, nome, costo, descrizione) VALUES (20, 'RapidShip', 17.3, 'Contusion of right ear, subsequent encounter');
INSERT INTO public."Servizi" (id, nome, costo, descrizione) VALUES (21, 'SwiftTrans', 2.4, 'Lac w fb of lower back and pelvis w penet retroperiton, subs');
INSERT INTO public."Servizi" (id, nome, costo, descrizione) VALUES (22, 'ExpressSpeed', 16.5, 'Osteitis condensans, shoulder');
INSERT INTO public."Servizi" (id, nome, costo, descrizione) VALUES (23, 'QuickMove', 10, 'Unsp inj intrinsic musc/fasc/tend r mid finger at wrs/hnd lv');
INSERT INTO public."Servizi" (id, nome, costo, descrizione) VALUES (24, 'SpeedyDispatch', 14.7, 'Adhes due to fb acc left in body fol unsp procedure, sequela');
INSERT INTO public."Servizi" (id, nome, costo, descrizione) VALUES (25, 'RapidLogistics', 3.2, 'Puncture wound with foreign body of left wrist');
INSERT INTO public."Servizi" (id, nome, costo, descrizione) VALUES (26, 'SwiftDelivery', 3.2, 'Nondisp spiral fx shaft of r femr, 7thC');
INSERT INTO public."Servizi" (id, nome, costo, descrizione) VALUES (27, 'LightningExpress', 13.3, 'Nondisp suprcndl fx w intrcndl extn low end r femr, 7thR');
INSERT INTO public."Servizi" (id, nome, costo, descrizione) VALUES (28, 'SpeedwayLogistics', 7.8, 'Toxic effect of harmful algae and algae toxins, undet, subs');
INSERT INTO public."Servizi" (id, nome, costo, descrizione) VALUES (29, 'TurboTransport', 16.9, 'Wear of artic bearing surface of internal prosth l hip jt');
INSERT INTO public."Servizi" (id, nome, costo, descrizione) VALUES (30, 'FastTrackShipping', 4.2, 'Corros first deg of shldr/up lmb, ex wrs/hnd unsp site, subs');
INSERT INTO public."Servizi" (id, nome, costo, descrizione) VALUES (31, 'RapidConnect', 19.3, 'Unsp injury of intrinsic msl/tnd at ank/ft level, right foot');
INSERT INTO public."Servizi" (id, nome, costo, descrizione) VALUES (32, 'ExpressMovers', 16.3, 'Nondisp fx of neck of MC bone, subs for fx w nonunion');
INSERT INTO public."Servizi" (id, nome, costo, descrizione) VALUES (33, 'QuickTransit', 13.6, 'Colles'' fracture of unsp radius, subs for clos fx w malunion');
INSERT INTO public."Servizi" (id, nome, costo, descrizione) VALUES (34, 'SpeedyDeliver', 19.4, 'Toxic effect of contact w venomous frog, accidental, init');
INSERT INTO public."Servizi" (id, nome, costo, descrizione) VALUES (35, 'SwiftCargo', 12.6, '2-part nondisp fx of surg nk of unsp humer, 7thG');
INSERT INTO public."Servizi" (id, nome, costo, descrizione) VALUES (36, 'LightningLogistics', 16, 'Oth fracture of T9-T10 vertebra, subs for fx w nonunion');
INSERT INTO public."Servizi" (id, nome, costo, descrizione) VALUES (37, 'RapidRoute', 19.6, 'Adverse effect of local astringents/detergents, subs');
INSERT INTO public."Servizi" (id, nome, costo, descrizione) VALUES (38, 'ExpressLink', 13.6, 'Other spacecraft accident injuring occupant, init encntr');
INSERT INTO public."Servizi" (id, nome, costo, descrizione) VALUES (39, 'SpeedyShip', 4.1, 'Poisoning by expectorants, intentional self-harm, sequela');
INSERT INTO public."Servizi" (id, nome, costo, descrizione) VALUES (40, 'QuickHaul', 5.1, 'Unsp inj unsp musc/tend at lower leg level, left leg, subs');
INSERT INTO public."Servizi" (id, nome, costo, descrizione) VALUES (41, 'TurboDelivery', 5.9, 'Medial dislocation of left ulnohumeral joint');
INSERT INTO public."Servizi" (id, nome, costo, descrizione) VALUES (42, 'VelocityExpress', 11.4, 'Unsp superficial injury of left ring finger, subs encntr');
INSERT INTO public."Servizi" (id, nome, costo, descrizione) VALUES (43, 'FastLaneTransit', 12, 'Other specified disorders of synovium and tendon');
INSERT INTO public."Servizi" (id, nome, costo, descrizione) VALUES (44, 'RapidShip', 4, 'Corrosion of unsp degree of unsp scapular region, subs');
INSERT INTO public."Servizi" (id, nome, costo, descrizione) VALUES (45, 'SwiftFreight', 4.8, 'Other hypertrophic disorders of the skin');
INSERT INTO public."Servizi" (id, nome, costo, descrizione) VALUES (46, 'InstantConnect', 9.8, 'Multiple endocrine neoplasia [MEN] syndromes');
INSERT INTO public."Servizi" (id, nome, costo, descrizione) VALUES (47, 'SpeedyLogistics', 11.5, 'Drug/chem diab w prolif diab rtnop w trctn dtch macula,l eye');
INSERT INTO public."Servizi" (id, nome, costo, descrizione) VALUES (48, 'TurboTrans', 18, 'Disp fx of lateral cuneiform of l ft, 7thD');
INSERT INTO public."Servizi" (id, nome, costo, descrizione) VALUES (49, 'RapidSpeed', 13.2, 'Disp fx of dist phalanx of r mid fngr, 7thD');
INSERT INTO public."Servizi" (id, nome, costo, descrizione) VALUES (50, 'ExpressDispatch', 14.3, 'Separation of retinal layers');
INSERT INTO public."Servizi" (id, nome, costo, descrizione) VALUES (51, 'QuickShip', 6.4, 'Central European tick-borne encephalitis');
INSERT INTO public."Servizi" (id, nome, costo, descrizione) VALUES (52, 'SpeedyRoute', 10.8, 'Unspecified subluxation of left sternoclavicular joint');
INSERT INTO public."Servizi" (id, nome, costo, descrizione) VALUES (53, 'RapidLogistics', 1.1, 'Unspecified acquired deformity of forearm');
INSERT INTO public."Servizi" (id, nome, costo, descrizione) VALUES (54, 'SwiftDelivery', 10.8, 'Other recurrent atlantoaxial dislocation');

--user
INSERT INTO public."User" (codice_fiscale, email, nome, cognome, numero_telefono, regione, città, provincia, via, numero_civico) VALUES ('izslyp42i44b348m', 'cwain1l@marriott.com', 'Cherrita', 'Wain', '3699078419', 'Alabama', 'Mobile', '36610', 'Derek', 3208);
INSERT INTO public."User" (codice_fiscale, email, nome, cognome, numero_telefono, regione, città, provincia, via, numero_civico) VALUES ('biracl27s20m759i', 'dtweddle6j@google.nl', 'Dreddy', 'Tweddle', '6515714034', 'Alabama', 'Birmingham', '35242', 'Pepper Wood', 83);
INSERT INTO public."User" (codice_fiscale, email, nome, cognome, numero_telefono, regione, città, provincia, via, numero_civico) VALUES ('kqwjjd23e43o622b', 'sbarnish6x@bluehost.com', 'Stephine', 'Barnish', '4303439980', 'Alabama', 'Huntsville', '35895', 'Petterle', 44177);
INSERT INTO public."User" (codice_fiscale, email, nome, cognome, numero_telefono, regione, città, provincia, via, numero_civico) VALUES ('auaggp09y68t935y', 'rlorne8f@ehow.com', 'Rosalia', 'Lorne', '8351640999', 'Alabama', 'Birmingham', '35215', 'Darwin', 8);
INSERT INTO public."User" (codice_fiscale, email, nome, cognome, numero_telefono, regione, città, provincia, via, numero_civico) VALUES ('kjnlji67m42p786g', 'ahairon96@cnet.com', 'Ashton', 'Hairon', '9235210798', 'Alabama', 'Birmingham', '35205', 'Cambridge', 53);
INSERT INTO public."User" (codice_fiscale, email, nome, cognome, numero_telefono, regione, città, provincia, via, numero_civico) VALUES ('dvqwpq82d12u044j', 'mgoodbarr9x@auda.org.au', 'Magdaia', 'Goodbarr', '5954581709', 'Alabama', 'Montgomery', '36195', 'Maple', 80);
INSERT INTO public."User" (codice_fiscale, email, nome, cognome, numero_telefono, regione, città, provincia, via, numero_civico) VALUES ('cvjlwx09n81j993j', 'lmaffeo9z@nytimes.com', 'Lira', 'Maffeo', '5972387064', 'Alabama', 'Birmingham', '35242', 'Bultman', 226);
INSERT INTO public."User" (codice_fiscale, email, nome, cognome, numero_telefono, regione, città, provincia, via, numero_civico) VALUES ('ffdwee60s61t235w', 'nvigneronbr@ow.ly', 'Nikkie', 'Vigneron', '1138567150', 'Alabama', 'Anniston', '36205', 'Mariners Cove', 55594);
INSERT INTO public."User" (codice_fiscale, email, nome, cognome, numero_telefono, regione, città, provincia, via, numero_civico) VALUES ('oobxgl21n86l160z', 'pcarthewc5@histats.com', 'Pamella', 'Carthew', '4563272623', 'Alabama', 'Montgomery', '36114', 'Weeping Birch', 6005);
INSERT INTO public."User" (codice_fiscale, email, nome, cognome, numero_telefono, regione, città, provincia, via, numero_civico) VALUES ('hmozuk35y60c790g', 'lburgumch@livejournal.com', 'Lissy', 'Burgum', '9741335947', 'Alabama', 'Montgomery', '36125', 'Springs', 26);
INSERT INTO public."User" (codice_fiscale, email, nome, cognome, numero_telefono, regione, città, provincia, via, numero_civico) VALUES ('aunxad02p33x402h', 'rphilippedn@unblog.fr', 'Renae', 'Philippe', '8918898927', 'Alabama', 'Anniston', '36205', 'Sundown', 1);
INSERT INTO public."User" (codice_fiscale, email, nome, cognome, numero_telefono, regione, città, provincia, via, numero_civico) VALUES ('yiblfs65g56k279q', 'rstradlingdo@washingtonpost.com', 'Ruthann', 'Stradling', '7208686732', 'Alabama', 'Birmingham', '35244', 'Harbort', 56249);
INSERT INTO public."User" (codice_fiscale, email, nome, cognome, numero_telefono, regione, città, provincia, via, numero_civico) VALUES ('jqkjfd25s12j468w', 'murlich5i@weather.com', 'Mariquilla', 'Urlich', '9212575591', 'Alabama', 'Mobile', '36689', 'Rusk', 15);
INSERT INTO public."User" (codice_fiscale, email, nome, cognome, numero_telefono, regione, città, provincia, via, numero_civico) VALUES ('npyljq01s77p500h', 'jbernardes3e@slashdot.org', 'Jayme', 'Bernardes', '2927490558', 'Alabama', 'Anniston', '36205', 'Sommers', 8848);
INSERT INTO public."User" (codice_fiscale, email, nome, cognome, numero_telefono, regione, città, provincia, via, numero_civico) VALUES ('awuyzn61c17c890d', 'uchestermanc0@apple.com', 'Ulberto', 'Chesterman', '2882320877', 'Alaska', 'Anchorage', '99599', 'Coleman', 2);
INSERT INTO public."User" (codice_fiscale, email, nome, cognome, numero_telefono, regione, città, provincia, via, numero_civico) VALUES ('echxll47x25b400a', 'kshrimpton35@unblog.fr', 'Kip', 'Shrimpton', '4346095448', 'Alaska', 'Anchorage', '99599', 'Sundown', 12);
INSERT INTO public."User" (codice_fiscale, email, nome, cognome, numero_telefono, regione, città, provincia, via, numero_civico) VALUES ('qabkgx49q61o993x', 'mgriffithebf@ucla.edu', 'Miranda', 'Griffithe', '9575144897', 'Arizona', 'Phoenix', '85005', 'Village', 3);
INSERT INTO public."User" (codice_fiscale, email, nome, cognome, numero_telefono, regione, città, provincia, via, numero_civico) VALUES ('psfiod09k77a681u', 'lclarke6s@vinaora.com', 'Linn', 'Clarke', '8905294898', 'Arizona', 'Tucson', '85754', 'Elmside', 32);
INSERT INTO public."User" (codice_fiscale, email, nome, cognome, numero_telefono, regione, città, provincia, via, numero_civico) VALUES ('bucims80t97w944z', 'stwidell7g@comcast.net', 'Susann', 'Twidell', '9271523136', 'Arizona', 'Glendale', '85311', 'Harbort', 77688);
INSERT INTO public."User" (codice_fiscale, email, nome, cognome, numero_telefono, regione, città, provincia, via, numero_civico) VALUES ('tamsxh39j08d107q', 'gcramptonck@theatlantic.com', 'Giulia', 'Crampton', '4582834816', 'Arizona', 'Tucson', '85705', 'Comanche', 0);
INSERT INTO public."User" (codice_fiscale, email, nome, cognome, numero_telefono, regione, città, provincia, via, numero_civico) VALUES ('hhwjqv17k50w410f', 'mdobkin1h@virginia.edu', 'Mirabella', 'Dobkin', '9327400477', 'Arizona', 'Tucson', '85705', 'Dapin', 5314);
INSERT INTO public."User" (codice_fiscale, email, nome, cognome, numero_telefono, regione, città, provincia, via, numero_civico) VALUES ('mfbslr80u19a742g', 'mlorencdq@oakley.com', 'Mirelle', 'Lorenc', '1327810623', 'Arizona', 'Phoenix', '85040', 'Tomscot', 556);
INSERT INTO public."User" (codice_fiscale, email, nome, cognome, numero_telefono, regione, città, provincia, via, numero_civico) VALUES ('arllpa74i66y238j', 'nleggatta9@seattletimes.com', 'Ned', 'Leggatt', '1787646688', 'Arizona', 'Chandler', '85246', 'Laurel', 8812);
INSERT INTO public."User" (codice_fiscale, email, nome, cognome, numero_telefono, regione, città, provincia, via, numero_civico) VALUES ('ikwfcz18b86e682q', 'ekave6o@google.fr', 'Elisa', 'Kave', '2157024874', 'Arizona', 'Phoenix', '85030', 'Cody', 23419);
INSERT INTO public."User" (codice_fiscale, email, nome, cognome, numero_telefono, regione, città, provincia, via, numero_civico) VALUES ('fgceut14h98h226r', 'lrosenqvist6a@google.fr', 'Leif', 'Rosenqvist', '1518041577', 'Arkansas', 'Fort Smith', '72905', 'Ilene', 1857);
INSERT INTO public."User" (codice_fiscale, email, nome, cognome, numero_telefono, regione, città, provincia, via, numero_civico) VALUES ('rbxbrf79f09c376r', 'mmoutrayread8m@stumbleupon.com', 'Maxie', 'Moutray Read', '5924495631', 'Arkansas', 'North Little Rock', '72118', 'Anniversary', 90076);
INSERT INTO public."User" (codice_fiscale, email, nome, cognome, numero_telefono, regione, città, provincia, via, numero_civico) VALUES ('moqyaa96b41w621l', 'xmostyn8u@blog.com', 'Xymenes', 'Mostyn', '9693616726', 'Arkansas', 'North Little Rock', '72199', 'Di Loreto', 7);
INSERT INTO public."User" (codice_fiscale, email, nome, cognome, numero_telefono, regione, città, provincia, via, numero_civico) VALUES ('abogvl97e41a631n', 'tshawel1r@yolasite.com', 'Tedmund', 'Shawel', '1871890708', 'Arkansas', 'North Little Rock', '72199', 'Bayside', 3511);
INSERT INTO public."User" (codice_fiscale, email, nome, cognome, numero_telefono, regione, città, provincia, via, numero_civico) VALUES ('pqjbjt76t60z084a', 'cdidsbury5o@about.com', 'Cristabel', 'Didsbury', '9096522025', 'Arkansas', 'North Little Rock', '72118', 'Rieder', 982);
INSERT INTO public."User" (codice_fiscale, email, nome, cognome, numero_telefono, regione, città, provincia, via, numero_civico) VALUES ('rcjgxa50z51h696w', 'ikoopau@slashdot.org', 'Inge', 'Koop', '4558428216', 'Arkansas', 'Little Rock', '72222', 'Brown', 9374);
INSERT INTO public."User" (codice_fiscale, email, nome, cognome, numero_telefono, regione, città, provincia, via, numero_civico) VALUES ('shnnfp42x22u151r', 'vbarnewille5r@auda.org.au', 'Valdemar', 'Barnewille', '6948867304', 'California', 'Inglewood', '90398', 'Michigan', 56687);
INSERT INTO public."User" (codice_fiscale, email, nome, cognome, numero_telefono, regione, città, provincia, via, numero_civico) VALUES ('magujx74u13t692j', 'bbatters10@deliciousdays.com', 'Benedict', 'Batters', '8006558824', 'California', 'North Hollywood', '91616', 'Algoma', 81885);
INSERT INTO public."User" (codice_fiscale, email, nome, cognome, numero_telefono, regione, città, provincia, via, numero_civico) VALUES ('dbhyzt20x58r774v', 'dstleger12@tmall.com', 'Daryl', 'St Leger', '4786725416', 'California', 'Sacramento', '94230', 'Butternut', 4696);
INSERT INTO public."User" (codice_fiscale, email, nome, cognome, numero_telefono, regione, città, provincia, via, numero_civico) VALUES ('tzrppf44x01q376h', 'tbaynes1o@spiegel.de', 'Tarrah', 'Baynes', '4246768924', 'California', 'San Francisco', '94147', 'Prentice', 3);
INSERT INTO public."User" (codice_fiscale, email, nome, cognome, numero_telefono, regione, città, provincia, via, numero_civico) VALUES ('pvgfaf41e99l262m', 'cedgley1q@cnn.com', 'Cathy', 'Edgley', '5592036222', 'California', 'Fresno', '93709', 'Fisk', 72);
INSERT INTO public."User" (codice_fiscale, email, nome, cognome, numero_telefono, regione, città, provincia, via, numero_civico) VALUES ('qmogjf57a26v287q', 'chatherley1w@studiopress.com', 'Cyndie', 'Hatherley', '7694250466', 'California', 'Torrance', '90510', 'Columbus', 9276);
INSERT INTO public."User" (codice_fiscale, email, nome, cognome, numero_telefono, regione, città, provincia, via, numero_civico) VALUES ('corzss57a06d644t', 'sglanville24@google.ru', 'Shel', 'Glanville', '9869960917', 'California', 'Mountain View', '94042', 'Texas', 46);
INSERT INTO public."User" (codice_fiscale, email, nome, cognome, numero_telefono, regione, città, provincia, via, numero_civico) VALUES ('kqupzq92g24n430p', 'gmeneghelli25@edublogs.org', 'Grissel', 'Meneghelli', '7077921583', 'California', 'Irvine', '92619', 'Declaration', 85312);
INSERT INTO public."User" (codice_fiscale, email, nome, cognome, numero_telefono, regione, città, provincia, via, numero_civico) VALUES ('uajvuh30u29g422t', 'kjoiner2f@state.tx.us', 'Kaela', 'Joiner', '2171771268', 'California', 'Orange', '92668', 'Kedzie', 7897);
INSERT INTO public."User" (codice_fiscale, email, nome, cognome, numero_telefono, regione, città, provincia, via, numero_civico) VALUES ('fdzdby16w16j502a', 'wewers2u@si.edu', 'Warner', 'Ewers', '8661531228', 'California', 'Sacramento', '94297', 'Pepper Wood', 2);
INSERT INTO public."User" (codice_fiscale, email, nome, cognome, numero_telefono, regione, città, provincia, via, numero_civico) VALUES ('ldaacb32t23p035n', 'ncreech2w@engadget.com', 'Nicolas', 'Creech', '2613463269', 'California', 'Anaheim', '92805', 'Cottonwood', 9);
INSERT INTO public."User" (codice_fiscale, email, nome, cognome, numero_telefono, regione, città, provincia, via, numero_civico) VALUES ('vmrlhf74f78j242r', 'rcutriss38@cnn.com', 'Raine', 'Cutriss', '3532574049', 'California', 'Santa Barbara', '93106', 'Roth', 21);
INSERT INTO public."User" (codice_fiscale, email, nome, cognome, numero_telefono, regione, città, provincia, via, numero_civico) VALUES ('vrrrzs98x58u998j', 'shighway3w@nih.gov', 'Samson', 'Highway', '7345620095', 'California', 'San Francisco', '94105', 'Continental', 21);
INSERT INTO public."User" (codice_fiscale, email, nome, cognome, numero_telefono, regione, città, provincia, via, numero_civico) VALUES ('mumnbw95f77i705t', 'ftunnoch4i@cnet.com', 'Flore', 'Tunnoch', '4249845899', 'California', 'San Luis Obispo', '93407', 'Warrior', 71);
INSERT INTO public."User" (codice_fiscale, email, nome, cognome, numero_telefono, regione, città, provincia, via, numero_civico) VALUES ('qssbjx39t46r976n', 'esains4o@dailymotion.com', 'Evyn', 'Sains', '8762412701', 'California', 'Long Beach', '90847', 'Rusk', 9483);
INSERT INTO public."User" (codice_fiscale, email, nome, cognome, numero_telefono, regione, città, provincia, via, numero_civico) VALUES ('mlnxnc18l24m114u', 'loconnell4u@purevolume.com', 'Lloyd', 'O'' Connell', '1308854028', 'California', 'San Bernardino', '92415', 'Utah', 3740);
INSERT INTO public."User" (codice_fiscale, email, nome, cognome, numero_telefono, regione, città, provincia, via, numero_civico) VALUES ('bvsues78b56y479m', 'mmacbean4v@flickr.com', 'Mellisent', 'MacBean', '4472246463', 'California', 'Chula Vista', '91913', 'Independence', 63983);
INSERT INTO public."User" (codice_fiscale, email, nome, cognome, numero_telefono, regione, città, provincia, via, numero_civico) VALUES ('ceecog34d09y094c', 'klough4w@toplist.cz', 'Karissa', 'Lough', '5717571010', 'California', 'Chula Vista', '91913', 'Sutherland', 6560);
INSERT INTO public."User" (codice_fiscale, email, nome, cognome, numero_telefono, regione, città, provincia, via, numero_civico) VALUES ('spjzpv06b62d022v', 'cyepiskov58@intel.com', 'Cassandry', 'Yepiskov', '3241228681', 'California', 'Petaluma', '94975', 'Lien', 3588);
INSERT INTO public."User" (codice_fiscale, email, nome, cognome, numero_telefono, regione, città, provincia, via, numero_civico) VALUES ('pvilho11h32q211g', 'rlunn5m@freewebs.com', 'Rab', 'Lunn', '7426634360', 'California', 'Los Angeles', '90025', 'Ruskin', 29573);
INSERT INTO public."User" (codice_fiscale, email, nome, cognome, numero_telefono, regione, città, provincia, via, numero_civico) VALUES ('ocwhrd88a63g175v', 'bwherrettp@usa.gov', 'Billie', 'Wherrett', '3475447783', 'California', 'Modesto', '95397', 'Rutledge', 9);
INSERT INTO public."User" (codice_fiscale, email, nome, cognome, numero_telefono, regione, città, provincia, via, numero_civico) VALUES ('nxrwjy67e78k983a', 'rcroome67@shutterfly.com', 'Rina', 'Croome', '7824013286', 'California', 'Hayward', '94544', 'Norway Maple', 33);
INSERT INTO public."User" (codice_fiscale, email, nome, cognome, numero_telefono, regione, città, provincia, via, numero_civico) VALUES ('utoxrt14i21h422h', 'bwhittick68@nyu.edu', 'Bjorn', 'Whittick', '1874401723', 'California', 'Irvine', '92612', 'Roxbury', 62858);
INSERT INTO public."User" (codice_fiscale, email, nome, cognome, numero_telefono, regione, città, provincia, via, numero_civico) VALUES ('trepgg69u19k071g', 'lcorsellesdv@soundcloud.com', 'Licha', 'Corselles', '1899871583', 'California', 'Newport Beach', '92662', 'Scott', 4772);

--pacco economico
INSERT INTO public."Pacco_Economico" (id, valore, volume, peso) VALUES (1, 756, 3.3, 2.6);
INSERT INTO public."Pacco_Economico" (id, valore, volume, peso) VALUES (2, 87, 7.1, 13);
INSERT INTO public."Pacco_Economico" (id, valore, volume, peso) VALUES (3, 456, 7, 16.8);
INSERT INTO public."Pacco_Economico" (id, valore, volume, peso) VALUES (4, 177, 7.7, 9.9);
INSERT INTO public."Pacco_Economico" (id, valore, volume, peso) VALUES (5, 253, 7.2, 2.1);
INSERT INTO public."Pacco_Economico" (id, valore, volume, peso) VALUES (6, 961, 2.5, 12.5);
INSERT INTO public."Pacco_Economico" (id, valore, volume, peso) VALUES (7, 417, 4, 2.5);
INSERT INTO public."Pacco_Economico" (id, valore, volume, peso) VALUES (8, 197, 6.1, 19.5);
INSERT INTO public."Pacco_Economico" (id, valore, volume, peso) VALUES (9, 168, 5, 5.3);
INSERT INTO public."Pacco_Economico" (id, valore, volume, peso) VALUES (10, 182, 2.9, 1.3);
INSERT INTO public."Pacco_Economico" (id, valore, volume, peso) VALUES (11, 906, 9.6, 16.8);
INSERT INTO public."Pacco_Economico" (id, valore, volume, peso) VALUES (12, 98, 4.5, 13.9);
INSERT INTO public."Pacco_Economico" (id, valore, volume, peso) VALUES (13, 384, 5.1, 12.5);
INSERT INTO public."Pacco_Economico" (id, valore, volume, peso) VALUES (14, 767, 1.9, 13.5);
INSERT INTO public."Pacco_Economico" (id, valore, volume, peso) VALUES (15, 920, 1.5, 5.6);
INSERT INTO public."Pacco_Economico" (id, valore, volume, peso) VALUES (16, 925, 7.8, 2.3);
INSERT INTO public."Pacco_Economico" (id, valore, volume, peso) VALUES (17, 646, 4.6, 3.1);
INSERT INTO public."Pacco_Economico" (id, valore, volume, peso) VALUES (18, 103, 1.8, 7);
INSERT INTO public."Pacco_Economico" (id, valore, volume, peso) VALUES (19, 7, 4.2, 16.6);
INSERT INTO public."Pacco_Economico" (id, valore, volume, peso) VALUES (20, 974, 3.6, 1.2);
INSERT INTO public."Pacco_Economico" (id, valore, volume, peso) VALUES (21, 969, 7.3, 16.2);
INSERT INTO public."Pacco_Economico" (id, valore, volume, peso) VALUES (22, 759, 8.5, 7.8);
INSERT INTO public."Pacco_Economico" (id, valore, volume, peso) VALUES (23, 232, 8.6, 16.4);
INSERT INTO public."Pacco_Economico" (id, valore, volume, peso) VALUES (24, 139, 8.5, 14.7);
INSERT INTO public."Pacco_Economico" (id, valore, volume, peso) VALUES (25, 953, 8.6, 5.7);
INSERT INTO public."Pacco_Economico" (id, valore, volume, peso) VALUES (26, 60, 2.6, 19.2);
INSERT INTO public."Pacco_Economico" (id, valore, volume, peso) VALUES (27, 143, 5.9, 14.1);
INSERT INTO public."Pacco_Economico" (id, valore, volume, peso) VALUES (28, 558, 1.3, 13.3);
INSERT INTO public."Pacco_Economico" (id, valore, volume, peso) VALUES (29, 518, 4.9, 7.8);
INSERT INTO public."Pacco_Economico" (id, valore, volume, peso) VALUES (30, 448, 9.9, 13.2);
INSERT INTO public."Pacco_Economico" (id, valore, volume, peso) VALUES (31, 636, 8.7, 4);
INSERT INTO public."Pacco_Economico" (id, valore, volume, peso) VALUES (32, 957, 7.2, 5.5);
INSERT INTO public."Pacco_Economico" (id, valore, volume, peso) VALUES (33, 79, 3.4, 2.2);
INSERT INTO public."Pacco_Economico" (id, valore, volume, peso) VALUES (34, 393, 1.2, 3.2);
INSERT INTO public."Pacco_Economico" (id, valore, volume, peso) VALUES (35, 59, 5.9, 4.2);
INSERT INTO public."Pacco_Economico" (id, valore, volume, peso) VALUES (36, 371, 7, 3.8);
INSERT INTO public."Pacco_Economico" (id, valore, volume, peso) VALUES (37, 950, 3.6, 2.7);
INSERT INTO public."Pacco_Economico" (id, valore, volume, peso) VALUES (38, 192, 9.3, 7.4);
INSERT INTO public."Pacco_Economico" (id, valore, volume, peso) VALUES (39, 986, 5.4, 11.4);
INSERT INTO public."Pacco_Economico" (id, valore, volume, peso) VALUES (40, 624, 5.4, 19.6);
INSERT INTO public."Pacco_Economico" (id, valore, volume, peso) VALUES (41, 76, 8, 7.1);
INSERT INTO public."Pacco_Economico" (id, valore, volume, peso) VALUES (42, 244, 5.6, 18);
INSERT INTO public."Pacco_Economico" (id, valore, volume, peso) VALUES (43, 347, 4.3, 2.3);
INSERT INTO public."Pacco_Economico" (id, valore, volume, peso) VALUES (44, 578, 4.9, 2.5);
INSERT INTO public."Pacco_Economico" (id, valore, volume, peso) VALUES (45, 850, 4.5, 19.6);
INSERT INTO public."Pacco_Economico" (id, valore, volume, peso) VALUES (46, 974, 8.8, 15.8);
INSERT INTO public."Pacco_Economico" (id, valore, volume, peso) VALUES (47, 702, 6.8, 10.8);
INSERT INTO public."Pacco_Economico" (id, valore, volume, peso) VALUES (48, 171, 5.6, 8.9);
INSERT INTO public."Pacco_Economico" (id, valore, volume, peso) VALUES (49, 862, 2.6, 6.1);
INSERT INTO public."Pacco_Economico" (id, valore, volume, peso) VALUES (50, 192, 8.8, 8.1);
INSERT INTO public."Pacco_Economico" (id, valore, volume, peso) VALUES (51, 947, 9.4, 2.3);
INSERT INTO public."Pacco_Economico" (id, valore, volume, peso) VALUES (52, 788, 8.6, 14.7);
INSERT INTO public."Pacco_Economico" (id, valore, volume, peso) VALUES (53, 939, 1.7, 19.8);
INSERT INTO public."Pacco_Economico" (id, valore, volume, peso) VALUES (54, 227, 3.7, 2.3);

--pacco premium
INSERT INTO public."Pacco_Premium" (id, valore, volume, peso) VALUES (1, 796, 2.3, 3.1);
INSERT INTO public."Pacco_Premium" (id, valore, volume, peso) VALUES (2, 750, 2.8, 19.4);
INSERT INTO public."Pacco_Premium" (id, valore, volume, peso) VALUES (3, 770, 5.8, 5.1);
INSERT INTO public."Pacco_Premium" (id, valore, volume, peso) VALUES (4, 980, 3.7, 1.7);
INSERT INTO public."Pacco_Premium" (id, valore, volume, peso) VALUES (5, 27, 3.4, 11.7);
INSERT INTO public."Pacco_Premium" (id, valore, volume, peso) VALUES (6, 690, 3.6, 3.7);
INSERT INTO public."Pacco_Premium" (id, valore, volume, peso) VALUES (7, 920, 3.9, 11.7);
INSERT INTO public."Pacco_Premium" (id, valore, volume, peso) VALUES (8, 558, 6.8, 17.3);
INSERT INTO public."Pacco_Premium" (id, valore, volume, peso) VALUES (9, 30, 3.7, 4);
INSERT INTO public."Pacco_Premium" (id, valore, volume, peso) VALUES (10, 324, 4.9, 6.6);
INSERT INTO public."Pacco_Premium" (id, valore, volume, peso) VALUES (11, 468, 3.8, 12.1);
INSERT INTO public."Pacco_Premium" (id, valore, volume, peso) VALUES (12, 706, 3.2, 8.2);
INSERT INTO public."Pacco_Premium" (id, valore, volume, peso) VALUES (13, 440, 4.3, 11.6);
INSERT INTO public."Pacco_Premium" (id, valore, volume, peso) VALUES (14, 87, 2.2, 18);
INSERT INTO public."Pacco_Premium" (id, valore, volume, peso) VALUES (15, 325, 7.1, 8.7);
INSERT INTO public."Pacco_Premium" (id, valore, volume, peso) VALUES (16, 583, 4.2, 2.6);
INSERT INTO public."Pacco_Premium" (id, valore, volume, peso) VALUES (17, 695, 5.1, 8.4);
INSERT INTO public."Pacco_Premium" (id, valore, volume, peso) VALUES (18, 647, 6.1, 11.2);
INSERT INTO public."Pacco_Premium" (id, valore, volume, peso) VALUES (19, 491, 6.1, 7.2);
INSERT INTO public."Pacco_Premium" (id, valore, volume, peso) VALUES (20, 70, 5.7, 11.5);

--spedizione econ
INSERT INTO public."Spedizione_Economica" (tracking, mittente, destinatario, pacco, costo, servizi_aggiuntivi) VALUES (1, 'hmozuk35y60c790g', 'hmozuk35y60c790g', 1, null, false);
INSERT INTO public."Spedizione_Economica" (tracking, mittente, destinatario, pacco, costo, servizi_aggiuntivi) VALUES (2, 'oobxgl21n86l160z', 'oobxgl21n86l160z', 2, null, true);
INSERT INTO public."Spedizione_Economica" (tracking, mittente, destinatario, pacco, costo, servizi_aggiuntivi) VALUES (3, 'ffdwee60s61t235w', 'ffdwee60s61t235w', 3, null, true);
INSERT INTO public."Spedizione_Economica" (tracking, mittente, destinatario, pacco, costo, servizi_aggiuntivi) VALUES (4, 'cvjlwx09n81j993j', 'cvjlwx09n81j993j', 4, null, true);
INSERT INTO public."Spedizione_Economica" (tracking, mittente, destinatario, pacco, costo, servizi_aggiuntivi) VALUES (5, 'dvqwpq82d12u044j', 'dvqwpq82d12u044j', 5, null, true);
INSERT INTO public."Spedizione_Economica" (tracking, mittente, destinatario, pacco, costo, servizi_aggiuntivi) VALUES (6, 'kjnlji67m42p786g', 'kjnlji67m42p786g', 6, null, false);
INSERT INTO public."Spedizione_Economica" (tracking, mittente, destinatario, pacco, costo, servizi_aggiuntivi) VALUES (7, 'yiblfs65g56k279q', 'yiblfs65g56k279q', 7, null, true);
INSERT INTO public."Spedizione_Economica" (tracking, mittente, destinatario, pacco, costo, servizi_aggiuntivi) VALUES (8, 'aunxad02p33x402h', 'aunxad02p33x402h', 8, null, true);
INSERT INTO public."Spedizione_Economica" (tracking, mittente, destinatario, pacco, costo, servizi_aggiuntivi) VALUES (9, 'auaggp09y68t935y', 'auaggp09y68t935y', 9, null, false);
INSERT INTO public."Spedizione_Economica" (tracking, mittente, destinatario, pacco, costo, servizi_aggiuntivi) VALUES (10, 'kqwjjd23e43o622b', 'kqwjjd23e43o622b', 10, null, true);
INSERT INTO public."Spedizione_Economica" (tracking, mittente, destinatario, pacco, costo, servizi_aggiuntivi) VALUES (11, 'biracl27s20m759i', 'biracl27s20m759i', 11, null, false);
INSERT INTO public."Spedizione_Economica" (tracking, mittente, destinatario, pacco, costo, servizi_aggiuntivi) VALUES (12, 'jqkjfd25s12j468w', 'jqkjfd25s12j468w', 12, null, false);
INSERT INTO public."Spedizione_Economica" (tracking, mittente, destinatario, pacco, costo, servizi_aggiuntivi) VALUES (13, 'npyljq01s77p500h', 'npyljq01s77p500h', 13, null, true);
INSERT INTO public."Spedizione_Economica" (tracking, mittente, destinatario, pacco, costo, servizi_aggiuntivi) VALUES (14, 'izslyp42i44b348m', 'izslyp42i44b348m', 14, null, true);
INSERT INTO public."Spedizione_Economica" (tracking, mittente, destinatario, pacco, costo, servizi_aggiuntivi) VALUES (15, 'awuyzn61c17c890d', 'awuyzn61c17c890d', 15, null, false);
INSERT INTO public."Spedizione_Economica" (tracking, mittente, destinatario, pacco, costo, servizi_aggiuntivi) VALUES (16, 'echxll47x25b400a', 'echxll47x25b400a', 16, null, false);
INSERT INTO public."Spedizione_Economica" (tracking, mittente, destinatario, pacco, costo, servizi_aggiuntivi) VALUES (17, 'psfiod09k77a681u', 'psfiod09k77a681u', 17, null, true);
INSERT INTO public."Spedizione_Economica" (tracking, mittente, destinatario, pacco, costo, servizi_aggiuntivi) VALUES (18, 'ikwfcz18b86e682q', 'ikwfcz18b86e682q', 18, null, true);
INSERT INTO public."Spedizione_Economica" (tracking, mittente, destinatario, pacco, costo, servizi_aggiuntivi) VALUES (19, 'bucims80t97w944z', 'bucims80t97w944z', 19, null, false);
INSERT INTO public."Spedizione_Economica" (tracking, mittente, destinatario, pacco, costo, servizi_aggiuntivi) VALUES (20, 'tamsxh39j08d107q', 'tamsxh39j08d107q', 20, null, true);
INSERT INTO public."Spedizione_Economica" (tracking, mittente, destinatario, pacco, costo, servizi_aggiuntivi) VALUES (21, 'qabkgx49q61o993x', 'qabkgx49q61o993x', 21, null, true);
INSERT INTO public."Spedizione_Economica" (tracking, mittente, destinatario, pacco, costo, servizi_aggiuntivi) VALUES (22, 'mfbslr80u19a742g', 'mfbslr80u19a742g', 22, null, false);
INSERT INTO public."Spedizione_Economica" (tracking, mittente, destinatario, pacco, costo, servizi_aggiuntivi) VALUES (23, 'hhwjqv17k50w410f', 'hhwjqv17k50w410f', 23, null, true);
INSERT INTO public."Spedizione_Economica" (tracking, mittente, destinatario, pacco, costo, servizi_aggiuntivi) VALUES (24, 'arllpa74i66y238j', 'arllpa74i66y238j', 24, null, true);
INSERT INTO public."Spedizione_Economica" (tracking, mittente, destinatario, pacco, costo, servizi_aggiuntivi) VALUES (25, 'abogvl97e41a631n', 'abogvl97e41a631n', 25, null, true);
INSERT INTO public."Spedizione_Economica" (tracking, mittente, destinatario, pacco, costo, servizi_aggiuntivi) VALUES (26, 'rcjgxa50z51h696w', 'rcjgxa50z51h696w', 26, null, false);
INSERT INTO public."Spedizione_Economica" (tracking, mittente, destinatario, pacco, costo, servizi_aggiuntivi) VALUES (27, 'moqyaa96b41w621l', 'moqyaa96b41w621l', 27, null, false);
INSERT INTO public."Spedizione_Economica" (tracking, mittente, destinatario, pacco, costo, servizi_aggiuntivi) VALUES (28, 'rbxbrf79f09c376r', 'rbxbrf79f09c376r', 28, null, true);
INSERT INTO public."Spedizione_Economica" (tracking, mittente, destinatario, pacco, costo, servizi_aggiuntivi) VALUES (29, 'fgceut14h98h226r', 'fgceut14h98h226r', 29, null, true);
INSERT INTO public."Spedizione_Economica" (tracking, mittente, destinatario, pacco, costo, servizi_aggiuntivi) VALUES (30, 'pqjbjt76t60z084a', 'pqjbjt76t60z084a', 30, null, true);
INSERT INTO public."Spedizione_Economica" (tracking, mittente, destinatario, pacco, costo, servizi_aggiuntivi) VALUES (31, 'trepgg69u19k071g', 'trepgg69u19k071g', 31, null, false);
INSERT INTO public."Spedizione_Economica" (tracking, mittente, destinatario, pacco, costo, servizi_aggiuntivi) VALUES (32, 'ocwhrd88a63g175v', 'ocwhrd88a63g175v', 32, null, false);
INSERT INTO public."Spedizione_Economica" (tracking, mittente, destinatario, pacco, costo, servizi_aggiuntivi) VALUES (33, 'magujx74u13t692j', 'magujx74u13t692j', 33, null, false);
INSERT INTO public."Spedizione_Economica" (tracking, mittente, destinatario, pacco, costo, servizi_aggiuntivi) VALUES (34, 'dbhyzt20x58r774v', 'dbhyzt20x58r774v', 34, null, false);
INSERT INTO public."Spedizione_Economica" (tracking, mittente, destinatario, pacco, costo, servizi_aggiuntivi) VALUES (35, 'tzrppf44x01q376h', 'tzrppf44x01q376h', 35, null, false);
INSERT INTO public."Spedizione_Economica" (tracking, mittente, destinatario, pacco, costo, servizi_aggiuntivi) VALUES (36, 'pvgfaf41e99l262m', 'pvgfaf41e99l262m', 36, null, true);
INSERT INTO public."Spedizione_Economica" (tracking, mittente, destinatario, pacco, costo, servizi_aggiuntivi) VALUES (37, 'qmogjf57a26v287q', 'qmogjf57a26v287q', 37, null, false);
INSERT INTO public."Spedizione_Economica" (tracking, mittente, destinatario, pacco, costo, servizi_aggiuntivi) VALUES (38, 'corzss57a06d644t', 'corzss57a06d644t', 38, null, true);
INSERT INTO public."Spedizione_Economica" (tracking, mittente, destinatario, pacco, costo, servizi_aggiuntivi) VALUES (39, 'kqupzq92g24n430p', 'kqupzq92g24n430p', 39, null, true);
INSERT INTO public."Spedizione_Economica" (tracking, mittente, destinatario, pacco, costo, servizi_aggiuntivi) VALUES (40, 'uajvuh30u29g422t', 'uajvuh30u29g422t', 40, null, true);
INSERT INTO public."Spedizione_Economica" (tracking, mittente, destinatario, pacco, costo, servizi_aggiuntivi) VALUES (41, 'fdzdby16w16j502a', 'fdzdby16w16j502a', 41, null, true);
INSERT INTO public."Spedizione_Economica" (tracking, mittente, destinatario, pacco, costo, servizi_aggiuntivi) VALUES (42, 'ldaacb32t23p035n', 'ldaacb32t23p035n', 42, null, false);
INSERT INTO public."Spedizione_Economica" (tracking, mittente, destinatario, pacco, costo, servizi_aggiuntivi) VALUES (43, 'vmrlhf74f78j242r', 'vmrlhf74f78j242r', 43, null, true);
INSERT INTO public."Spedizione_Economica" (tracking, mittente, destinatario, pacco, costo, servizi_aggiuntivi) VALUES (44, 'vrrrzs98x58u998j', 'vrrrzs98x58u998j', 44, null, true);
INSERT INTO public."Spedizione_Economica" (tracking, mittente, destinatario, pacco, costo, servizi_aggiuntivi) VALUES (45, 'mumnbw95f77i705t', 'mumnbw95f77i705t', 45, null, true);
INSERT INTO public."Spedizione_Economica" (tracking, mittente, destinatario, pacco, costo, servizi_aggiuntivi) VALUES (46, 'qssbjx39t46r976n', 'qssbjx39t46r976n', 46, null, true);
INSERT INTO public."Spedizione_Economica" (tracking, mittente, destinatario, pacco, costo, servizi_aggiuntivi) VALUES (47, 'mlnxnc18l24m114u', 'mlnxnc18l24m114u', 47, null, true);
INSERT INTO public."Spedizione_Economica" (tracking, mittente, destinatario, pacco, costo, servizi_aggiuntivi) VALUES (48, 'bvsues78b56y479m', 'bvsues78b56y479m', 48, null, false);
INSERT INTO public."Spedizione_Economica" (tracking, mittente, destinatario, pacco, costo, servizi_aggiuntivi) VALUES (49, 'ceecog34d09y094c', 'ceecog34d09y094c', 49, null, true);
INSERT INTO public."Spedizione_Economica" (tracking, mittente, destinatario, pacco, costo, servizi_aggiuntivi) VALUES (50, 'spjzpv06b62d022v', 'spjzpv06b62d022v', 50, null, false);
INSERT INTO public."Spedizione_Economica" (tracking, mittente, destinatario, pacco, costo, servizi_aggiuntivi) VALUES (51, 'pvilho11h32q211g', 'pvilho11h32q211g', 51, null, false);
INSERT INTO public."Spedizione_Economica" (tracking, mittente, destinatario, pacco, costo, servizi_aggiuntivi) VALUES (52, 'shnnfp42x22u151r', 'shnnfp42x22u151r', 52, null, true);
INSERT INTO public."Spedizione_Economica" (tracking, mittente, destinatario, pacco, costo, servizi_aggiuntivi) VALUES (53, 'nxrwjy67e78k983a', 'nxrwjy67e78k983a', 53, null, false);
INSERT INTO public."Spedizione_Economica" (tracking, mittente, destinatario, pacco, costo, servizi_aggiuntivi) VALUES (54, 'utoxrt14i21h422h', 'utoxrt14i21h422h', 54, null, true);

--spedizione prem
INSERT INTO public."Spedizione_Premium" (tracking, mittente, destinatario, pacco, costo, assicurazione_totale, assicurazione_parziale, servizi_aggiuntivi) VALUES (9, 'hmozuk35y60c790g', 'hmozuk35y60c790g', 1, null, false, true, false);
INSERT INTO public."Spedizione_Premium" (tracking, mittente, destinatario, pacco, costo, assicurazione_totale, assicurazione_parziale, servizi_aggiuntivi) VALUES (12, 'oobxgl21n86l160z', 'oobxgl21n86l160z', 2, null, false, true, false);
INSERT INTO public."Spedizione_Premium" (tracking, mittente, destinatario, pacco, costo, assicurazione_totale, assicurazione_parziale, servizi_aggiuntivi) VALUES (13, 'ffdwee60s61t235w', 'ffdwee60s61t235w', 3, null, false, true, true);
INSERT INTO public."Spedizione_Premium" (tracking, mittente, destinatario, pacco, costo, assicurazione_totale, assicurazione_parziale, servizi_aggiuntivi) VALUES (5, 'cvjlwx09n81j993j', 'cvjlwx09n81j993j', 4, null, true, false, true);
INSERT INTO public."Spedizione_Premium" (tracking, mittente, destinatario, pacco, costo, assicurazione_totale, assicurazione_parziale, servizi_aggiuntivi) VALUES (20, 'dvqwpq82d12u044j', 'dvqwpq82d12u044j', 5, null, false, true, false);
INSERT INTO public."Spedizione_Premium" (tracking, mittente, destinatario, pacco, costo, assicurazione_totale, assicurazione_parziale, servizi_aggiuntivi) VALUES (11, 'kjnlji67m42p786g', 'kjnlji67m42p786g', 6, null, false, true, false);
INSERT INTO public."Spedizione_Premium" (tracking, mittente, destinatario, pacco, costo, assicurazione_totale, assicurazione_parziale, servizi_aggiuntivi) VALUES (14, 'yiblfs65g56k279q', 'yiblfs65g56k279q', 7, null, false, true, false);
INSERT INTO public."Spedizione_Premium" (tracking, mittente, destinatario, pacco, costo, assicurazione_totale, assicurazione_parziale, servizi_aggiuntivi) VALUES (8, 'aunxad02p33x402h', 'aunxad02p33x402h', 8, null, true, false, true);
INSERT INTO public."Spedizione_Premium" (tracking, mittente, destinatario, pacco, costo, assicurazione_totale, assicurazione_parziale, servizi_aggiuntivi) VALUES (18, 'auaggp09y68t935y', 'auaggp09y68t935y', 9, null, false, true, true);
INSERT INTO public."Spedizione_Premium" (tracking, mittente, destinatario, pacco, costo, assicurazione_totale, assicurazione_parziale, servizi_aggiuntivi) VALUES (3, 'kqwjjd23e43o622b', 'kqwjjd23e43o622b', 10, null, true, false, false);
INSERT INTO public."Spedizione_Premium" (tracking, mittente, destinatario, pacco, costo, assicurazione_totale, assicurazione_parziale, servizi_aggiuntivi) VALUES (6, 'biracl27s20m759i', 'biracl27s20m759i', 11, null, true, false, false);
INSERT INTO public."Spedizione_Premium" (tracking, mittente, destinatario, pacco, costo, assicurazione_totale, assicurazione_parziale, servizi_aggiuntivi) VALUES (1, 'jqkjfd25s12j468w', 'jqkjfd25s12j468w', 12, null, true, false, false);
INSERT INTO public."Spedizione_Premium" (tracking, mittente, destinatario, pacco, costo, assicurazione_totale, assicurazione_parziale, servizi_aggiuntivi) VALUES (16, 'npyljq01s77p500h', 'npyljq01s77p500h', 13, null, false, true, false);
INSERT INTO public."Spedizione_Premium" (tracking, mittente, destinatario, pacco, costo, assicurazione_totale, assicurazione_parziale, servizi_aggiuntivi) VALUES (17, 'izslyp42i44b348m', 'izslyp42i44b348m', 14, null, false, true, false);
INSERT INTO public."Spedizione_Premium" (tracking, mittente, destinatario, pacco, costo, assicurazione_totale, assicurazione_parziale, servizi_aggiuntivi) VALUES (2, 'awuyzn61c17c890d', 'awuyzn61c17c890d', 15, null, true, false, true);
INSERT INTO public."Spedizione_Premium" (tracking, mittente, destinatario, pacco, costo, assicurazione_totale, assicurazione_parziale, servizi_aggiuntivi) VALUES (10, 'echxll47x25b400a', 'echxll47x25b400a', 16, null, false, true, false);
INSERT INTO public."Spedizione_Premium" (tracking, mittente, destinatario, pacco, costo, assicurazione_totale, assicurazione_parziale, servizi_aggiuntivi) VALUES (7, 'psfiod09k77a681u', 'psfiod09k77a681u', 17, null, true, false, false);
INSERT INTO public."Spedizione_Premium" (tracking, mittente, destinatario, pacco, costo, assicurazione_totale, assicurazione_parziale, servizi_aggiuntivi) VALUES (19, 'ikwfcz18b86e682q', 'ikwfcz18b86e682q', 18, null, false, true, true);
INSERT INTO public."Spedizione_Premium" (tracking, mittente, destinatario, pacco, costo, assicurazione_totale, assicurazione_parziale, servizi_aggiuntivi) VALUES (15, 'bucims80t97w944z', 'bucims80t97w944z', 19, null, false, true, false);
INSERT INTO public."Spedizione_Premium" (tracking, mittente, destinatario, pacco, costo, assicurazione_totale, assicurazione_parziale, servizi_aggiuntivi) VALUES (4, 'tamsxh39j08d107q', 'tamsxh39j08d107q', 20, null, true, false, true);

--assicurazione parzi
INSERT INTO public."Assicurazione_Parziale" (id, tracking, percentuale_assicurata) VALUES (94, 9, 29);
INSERT INTO public."Assicurazione_Parziale" (id, tracking, percentuale_assicurata) VALUES (112, 10, 6);
INSERT INTO public."Assicurazione_Parziale" (id, tracking, percentuale_assicurata) VALUES (235, 11, 23);
INSERT INTO public."Assicurazione_Parziale" (id, tracking, percentuale_assicurata) VALUES (100, 12, 1);
INSERT INTO public."Assicurazione_Parziale" (id, tracking, percentuale_assicurata) VALUES (36, 13, 14);
INSERT INTO public."Assicurazione_Parziale" (id, tracking, percentuale_assicurata) VALUES (102, 14, 9);
INSERT INTO public."Assicurazione_Parziale" (id, tracking, percentuale_assicurata) VALUES (171, 15, 12);
INSERT INTO public."Assicurazione_Parziale" (id, tracking, percentuale_assicurata) VALUES (151, 16, 18);
INSERT INTO public."Assicurazione_Parziale" (id, tracking, percentuale_assicurata) VALUES (279, 17, 3);
INSERT INTO public."Assicurazione_Parziale" (id, tracking, percentuale_assicurata) VALUES (281, 18, 1);
INSERT INTO public."Assicurazione_Parziale" (id, tracking, percentuale_assicurata) VALUES (275, 19, 1);
INSERT INTO public."Assicurazione_Parziale" (id, tracking, percentuale_assicurata) VALUES (30, 20, 17);

--assicurazione tot
INSERT INTO public."Assicurazione_Totale" (id, tracking, percentuale_assicurata) VALUES (157, 1, 93);
INSERT INTO public."Assicurazione_Totale" (id, tracking, percentuale_assicurata) VALUES (129, 2, 54);
INSERT INTO public."Assicurazione_Totale" (id, tracking, percentuale_assicurata) VALUES (200, 3, 86);
INSERT INTO public."Assicurazione_Totale" (id, tracking, percentuale_assicurata) VALUES (183, 4, 92);
INSERT INTO public."Assicurazione_Totale" (id, tracking, percentuale_assicurata) VALUES (190, 5, 100);
INSERT INTO public."Assicurazione_Totale" (id, tracking, percentuale_assicurata) VALUES (53, 6, 78);
INSERT INTO public."Assicurazione_Totale" (id, tracking, percentuale_assicurata) VALUES (105, 7, 72);
INSERT INTO public."Assicurazione_Totale" (id, tracking, percentuale_assicurata) VALUES (175, 8, 85);

--sped eco servi
INSERT INTO public."Spedizione_Economica_Servizi" (tracking, id, nome_servizio, costo) VALUES (4, 1, 'FastTrack Express', 9);
INSERT INTO public."Spedizione_Economica_Servizi" (tracking, id, nome_servizio, costo) VALUES (2, 1, 'FastTrack Express', 9);
INSERT INTO public."Spedizione_Economica_Servizi" (tracking, id, nome_servizio, costo) VALUES (5, 1, 'FastTrack Express', 9);
INSERT INTO public."Spedizione_Economica_Servizi" (tracking, id, nome_servizio, costo) VALUES (6, 1, 'FastTrack Express', 9);
INSERT INTO public."Spedizione_Economica_Servizi" (tracking, id, nome_servizio, costo) VALUES (3, 1, 'FastTrack Express', 9);
INSERT INTO public."Spedizione_Economica_Servizi" (tracking, id, nome_servizio, costo) VALUES (1, 1, 'FastTrack Express', 9);
INSERT INTO public."Spedizione_Economica_Servizi" (tracking, id, nome_servizio, costo) VALUES (7, 2, 'SwiftShip', 13.9);
INSERT INTO public."Spedizione_Economica_Servizi" (tracking, id, nome_servizio, costo) VALUES (10, 2, 'SwiftShip', 13.9);
INSERT INTO public."Spedizione_Economica_Servizi" (tracking, id, nome_servizio, costo) VALUES (11, 2, 'SwiftShip', 13.9);
INSERT INTO public."Spedizione_Economica_Servizi" (tracking, id, nome_servizio, costo) VALUES (8, 2, 'SwiftShip', 13.9);
INSERT INTO public."Spedizione_Economica_Servizi" (tracking, id, nome_servizio, costo) VALUES (12, 2, 'SwiftShip', 13.9);
INSERT INTO public."Spedizione_Economica_Servizi" (tracking, id, nome_servizio, costo) VALUES (9, 2, 'SwiftShip', 13.9);
INSERT INTO public."Spedizione_Economica_Servizi" (tracking, id, nome_servizio, costo) VALUES (17, 3, 'RapidCargo', 2.8);
INSERT INTO public."Spedizione_Economica_Servizi" (tracking, id, nome_servizio, costo) VALUES (16, 3, 'RapidCargo', 2.8);
INSERT INTO public."Spedizione_Economica_Servizi" (tracking, id, nome_servizio, costo) VALUES (15, 3, 'RapidCargo', 2.8);
INSERT INTO public."Spedizione_Economica_Servizi" (tracking, id, nome_servizio, costo) VALUES (13, 3, 'RapidCargo', 2.8);
INSERT INTO public."Spedizione_Economica_Servizi" (tracking, id, nome_servizio, costo) VALUES (18, 3, 'RapidCargo', 2.8);
INSERT INTO public."Spedizione_Economica_Servizi" (tracking, id, nome_servizio, costo) VALUES (14, 3, 'RapidCargo', 2.8);
INSERT INTO public."Spedizione_Economica_Servizi" (tracking, id, nome_servizio, costo) VALUES (24, 4, 'SpeedyDeliver', 7.9);
INSERT INTO public."Spedizione_Economica_Servizi" (tracking, id, nome_servizio, costo) VALUES (23, 4, 'SpeedyDeliver', 7.9);
INSERT INTO public."Spedizione_Economica_Servizi" (tracking, id, nome_servizio, costo) VALUES (19, 4, 'SpeedyDeliver', 7.9);
INSERT INTO public."Spedizione_Economica_Servizi" (tracking, id, nome_servizio, costo) VALUES (22, 4, 'SpeedyDeliver', 7.9);
INSERT INTO public."Spedizione_Economica_Servizi" (tracking, id, nome_servizio, costo) VALUES (21, 4, 'SpeedyDeliver', 7.9);
INSERT INTO public."Spedizione_Economica_Servizi" (tracking, id, nome_servizio, costo) VALUES (20, 4, 'SpeedyDeliver', 7.9);
INSERT INTO public."Spedizione_Economica_Servizi" (tracking, id, nome_servizio, costo) VALUES (27, 5, 'QuickDispatch', 15.9);
INSERT INTO public."Spedizione_Economica_Servizi" (tracking, id, nome_servizio, costo) VALUES (28, 5, 'QuickDispatch', 15.9);
INSERT INTO public."Spedizione_Economica_Servizi" (tracking, id, nome_servizio, costo) VALUES (29, 5, 'QuickDispatch', 15.9);
INSERT INTO public."Spedizione_Economica_Servizi" (tracking, id, nome_servizio, costo) VALUES (25, 5, 'QuickDispatch', 15.9);
INSERT INTO public."Spedizione_Economica_Servizi" (tracking, id, nome_servizio, costo) VALUES (26, 5, 'QuickDispatch', 15.9);
INSERT INTO public."Spedizione_Economica_Servizi" (tracking, id, nome_servizio, costo) VALUES (32, 6, 'TurboTransit', 8.9);
INSERT INTO public."Spedizione_Economica_Servizi" (tracking, id, nome_servizio, costo) VALUES (34, 6, 'TurboTransit', 8.9);
INSERT INTO public."Spedizione_Economica_Servizi" (tracking, id, nome_servizio, costo) VALUES (31, 6, 'TurboTransit', 8.9);
INSERT INTO public."Spedizione_Economica_Servizi" (tracking, id, nome_servizio, costo) VALUES (30, 6, 'TurboTransit', 8.9);
INSERT INTO public."Spedizione_Economica_Servizi" (tracking, id, nome_servizio, costo) VALUES (33, 6, 'TurboTransit', 8.9);
INSERT INTO public."Spedizione_Economica_Servizi" (tracking, id, nome_servizio, costo) VALUES (36, 7, 'ExpressMovers', 12.1);
INSERT INTO public."Spedizione_Economica_Servizi" (tracking, id, nome_servizio, costo) VALUES (38, 7, 'ExpressMovers', 12.1);
INSERT INTO public."Spedizione_Economica_Servizi" (tracking, id, nome_servizio, costo) VALUES (35, 7, 'ExpressMovers', 12.1);
INSERT INTO public."Spedizione_Economica_Servizi" (tracking, id, nome_servizio, costo) VALUES (39, 7, 'ExpressMovers', 12.1);
INSERT INTO public."Spedizione_Economica_Servizi" (tracking, id, nome_servizio, costo) VALUES (37, 7, 'ExpressMovers', 12.1);
INSERT INTO public."Spedizione_Economica_Servizi" (tracking, id, nome_servizio, costo) VALUES (44, 8, 'LightningLogistics', 3.5);
INSERT INTO public."Spedizione_Economica_Servizi" (tracking, id, nome_servizio, costo) VALUES (40, 8, 'LightningLogistics', 3.5);
INSERT INTO public."Spedizione_Economica_Servizi" (tracking, id, nome_servizio, costo) VALUES (42, 8, 'LightningLogistics', 3.5);
INSERT INTO public."Spedizione_Economica_Servizi" (tracking, id, nome_servizio, costo) VALUES (41, 8, 'LightningLogistics', 3.5);
INSERT INTO public."Spedizione_Economica_Servizi" (tracking, id, nome_servizio, costo) VALUES (43, 8, 'LightningLogistics', 3.5);
INSERT INTO public."Spedizione_Economica_Servizi" (tracking, id, nome_servizio, costo) VALUES (47, 9, 'SpeedwayShipping', 7.6);
INSERT INTO public."Spedizione_Economica_Servizi" (tracking, id, nome_servizio, costo) VALUES (46, 9, 'SpeedwayShipping', 7.6);
INSERT INTO public."Spedizione_Economica_Servizi" (tracking, id, nome_servizio, costo) VALUES (45, 9, 'SpeedwayShipping', 7.6);
INSERT INTO public."Spedizione_Economica_Servizi" (tracking, id, nome_servizio, costo) VALUES (49, 9, 'SpeedwayShipping', 7.6);
INSERT INTO public."Spedizione_Economica_Servizi" (tracking, id, nome_servizio, costo) VALUES (48, 9, 'SpeedwayShipping', 7.6);
INSERT INTO public."Spedizione_Economica_Servizi" (tracking, id, nome_servizio, costo) VALUES (52, 10, 'RapidConnect', 17.2);
INSERT INTO public."Spedizione_Economica_Servizi" (tracking, id, nome_servizio, costo) VALUES (50, 10, 'RapidConnect', 17.2);
INSERT INTO public."Spedizione_Economica_Servizi" (tracking, id, nome_servizio, costo) VALUES (51, 10, 'RapidConnect', 17.2);
INSERT INTO public."Spedizione_Economica_Servizi" (tracking, id, nome_servizio, costo) VALUES (53, 10, 'RapidConnect', 17.2);
INSERT INTO public."Spedizione_Economica_Servizi" (tracking, id, nome_servizio, costo) VALUES (54, 10, 'RapidConnect', 17.2);

-- spedi prem servi
INSERT INTO public."Spedizione_Premium_Servizi" (tracking, id, nome_servizio, costo) VALUES (2, 1, 'FastTrack Express', 9);
INSERT INTO public."Spedizione_Premium_Servizi" (tracking, id, nome_servizio, costo) VALUES (1, 1, 'FastTrack Express', 9);
INSERT INTO public."Spedizione_Premium_Servizi" (tracking, id, nome_servizio, costo) VALUES (4, 2, 'SwiftShip', 13.9);
INSERT INTO public."Spedizione_Premium_Servizi" (tracking, id, nome_servizio, costo) VALUES (3, 2, 'SwiftShip', 13.9);
INSERT INTO public."Spedizione_Premium_Servizi" (tracking, id, nome_servizio, costo) VALUES (5, 3, 'RapidCargo', 2.8);
INSERT INTO public."Spedizione_Premium_Servizi" (tracking, id, nome_servizio, costo) VALUES (6, 3, 'RapidCargo', 2.8);
INSERT INTO public."Spedizione_Premium_Servizi" (tracking, id, nome_servizio, costo) VALUES (8, 4, 'SpeedyDeliver', 7.9);
INSERT INTO public."Spedizione_Premium_Servizi" (tracking, id, nome_servizio, costo) VALUES (7, 4, 'SpeedyDeliver', 7.9);
INSERT INTO public."Spedizione_Premium_Servizi" (tracking, id, nome_servizio, costo) VALUES (10, 5, 'QuickDispatch', 15.9);
INSERT INTO public."Spedizione_Premium_Servizi" (tracking, id, nome_servizio, costo) VALUES (9, 5, 'QuickDispatch', 15.9);
INSERT INTO public."Spedizione_Premium_Servizi" (tracking, id, nome_servizio, costo) VALUES (12, 6, 'TurboTransit', 8.9);
INSERT INTO public."Spedizione_Premium_Servizi" (tracking, id, nome_servizio, costo) VALUES (11, 6, 'TurboTransit', 8.9);
INSERT INTO public."Spedizione_Premium_Servizi" (tracking, id, nome_servizio, costo) VALUES (13, 7, 'ExpressMovers', 12.1);
INSERT INTO public."Spedizione_Premium_Servizi" (tracking, id, nome_servizio, costo) VALUES (14, 7, 'ExpressMovers', 12.1);
INSERT INTO public."Spedizione_Premium_Servizi" (tracking, id, nome_servizio, costo) VALUES (16, 8, 'LightningLogistics', 3.5);
INSERT INTO public."Spedizione_Premium_Servizi" (tracking, id, nome_servizio, costo) VALUES (15, 8, 'LightningLogistics', 3.5);
INSERT INTO public."Spedizione_Premium_Servizi" (tracking, id, nome_servizio, costo) VALUES (17, 9, 'SpeedwayShipping', 7.6);
INSERT INTO public."Spedizione_Premium_Servizi" (tracking, id, nome_servizio, costo) VALUES (18, 9, 'SpeedwayShipping', 7.6);
INSERT INTO public."Spedizione_Premium_Servizi" (tracking, id, nome_servizio, costo) VALUES (19, 10, 'RapidConnect', 17.2);
INSERT INTO public."Spedizione_Premium_Servizi" (tracking, id, nome_servizio, costo) VALUES (20, 10, 'RapidConnect', 17.2);
